id,order_id,payment_method,amount
1,1,coupon,800
2,2,credit_card,4000
3,3,gift_card,3100
4,4,credit_card,4100
5,5,bank_transfer,1100
6,6,bank_transfer,2800
7,7,credit_card,4100
8,8,bank_transfer,3600
9,9,coupon,5400
10,10,coupon,4200
11,11,gift_card,2400
12,12,bank_transfer,4900
13,13,credit_card,4100
14,14,coupon,2600
15,15,gift_card,4300
16,16,credit_card,3700
17,17,bank_transfer,5300
18,18,bank_transfer,3600
19,19,credit_card,4700
20,20,gift_card,2600
21,21,coupon,4200
22,22,credit_card,5800
23,23,gift_card,3500
24,24,credit_card,5100
25,25,coupon,2300
26,26,gift_card,600
27,27,gift_card,1500
28,28,credit_card,3600
29,29,bank_transfer,5400
30,30,bank_transfer,5200
