id,customer_id,order_date,status
1,10,2026-01-01,shipped
2,4,2026-01-04,completed
3,3,2026-01-07,completed
4,3,2026-01-10,returned
5,5,2026-01-13,completed
6,10,2026-01-16,returned
7,2,2026-01-19,completed
8,1,2026-01-22,completed
9,9,2026-01-25,completed
10,6,2026-01-28,completed
11,8,2026-02-03,returned
12,4,2026-02-06,placed
13,4,2026-02-09,returned
14,5,2026-02-12,completed
15,8,2026-02-15,placed
16,2,2026-02-18,placed
17,7,2026-02-21,shipped
18,6,2026-02-24,completed
19,7,2026-02-27,completed
20,2,2026-02-02,returned
21,6,2026-03-05,shipped
22,8,2026-03-08,completed
23,2,2026-03-11,completed
24,2,2026-03-14,completed
25,5,2026-03-17,completed
26,7,2026-03-20,completed
27,8,2026-03-23,shipped
28,10,2026-03-26,completed
29,1,2026-03-01,completed
30,5,2026-03-04,completed
